{
  "id": "9148317b-52e8-45ef-96ee-c76de11a04bd",
  "generation": 2,
  "iteration": 17,
  "current_iteration": 30,
  "metrics": {
    "density": -0.07298035140713768,
    "error": -0.03493678569793701,
    "combined_score": -0.05395856855253735
  },
  "language": "python",
  "timestamp": 1757486076.1137838,
  "saved_at": 1757487595.436293
}