{
  "id": "574af638-6b0b-4457-8af1-b00149e4e7cb",
  "generation": 2,
  "iteration": 50,
  "current_iteration": 50,
  "metrics": {
    "density": -0.0712281982295285,
    "error": -0.03562355041503906,
    "combined_score": -0.05342587432228378
  },
  "language": "python",
  "timestamp": 1757490207.010634,
  "saved_at": 1757490207.0854728
}