{
  "id": "91826577-65c5-4c04-9f9b-2e5212f3c48b",
  "generation": 4,
  "iteration": 87,
  "timestamp": 1757494884.107246,
  "parent_id": "dde27137-cc51-454e-8cbe-ef96e6277803",
  "metrics": {
    "density": -0.07089807892210663,
    "error": -0.035254716873168945,
    "combined_score": -0.05307639789763779
  },
  "language": "python",
  "saved_at": 1757497885.101476
}