{
  "id": "a01ce430-444e-4e4d-b1da-e6671c3f805a",
  "generation": 0,
  "iteration": 0,
  "timestamp": 1757480389.8164024,
  "parent_id": null,
  "metrics": {
    "density": -0.07853137552733983,
    "error": -0.03465735912322998,
    "combined_score": -0.0565943673252849
  },
  "language": "python",
  "saved_at": 1757480551.4491525
}