{
  "id": "db39a8f9-827d-4f38-baa2-363ca7207003",
  "generation": 3,
  "iteration": 9,
  "timestamp": 1757484559.4004066,
  "parent_id": "a7db5e04-4a85-44df-a358-c264527d90c3",
  "metrics": {
    "density": -0.07292608098344587,
    "error": -0.035013794898986816,
    "combined_score": -0.053969937941216344
  },
  "language": "python",
  "saved_at": 1757484607.6858203
}