{
  "id": "ebbd724f-7cc3-40af-8d84-3f6d0f5cd55d",
  "generation": 3,
  "iteration": 41,
  "current_iteration": 45,
  "metrics": {
    "density": -0.07123326445737677,
    "error": -0.03572249412536621,
    "combined_score": -0.05347787929137149
  },
  "language": "python",
  "timestamp": 1757488940.4028413,
  "saved_at": 1757489491.9101348
}