{
  "id": "e72e76ff-9d3a-45f7-8216-62c3cc10fb99",
  "generation": 3,
  "iteration": 55,
  "current_iteration": 65,
  "metrics": {
    "density": -0.07061603085273022,
    "error": -0.03574824333190918,
    "combined_score": -0.0531821370923197
  },
  "language": "python",
  "timestamp": 1757491039.132681,
  "saved_at": 1757492197.678493
}