{
  "id": "db39a8f9-827d-4f38-baa2-363ca7207003",
  "generation": 3,
  "iteration": 9,
  "current_iteration": 10,
  "metrics": {
    "density": -0.07292608098344587,
    "error": -0.035013794898986816,
    "combined_score": -0.053969937941216344
  },
  "language": "python",
  "timestamp": 1757484559.4004066,
  "saved_at": 1757484606.4262576
}