{
  "id": "46e02de3-b82a-4adb-8b73-e7359c255e4d",
  "generation": 2,
  "iteration": 32,
  "current_iteration": 40,
  "metrics": {
    "density": -0.0723678835638054,
    "error": -0.035253047943115234,
    "combined_score": -0.05381046575346032
  },
  "language": "python",
  "timestamp": 1757487874.0106773,
  "saved_at": 1757488756.075295
}