{
  "id": "a7db5e04-4a85-44df-a358-c264527d90c3",
  "generation": 2,
  "iteration": 5,
  "current_iteration": 5,
  "metrics": {
    "density": -0.07386773817709377,
    "error": -0.034768104553222656,
    "combined_score": -0.054317921365158214
  },
  "language": "python",
  "timestamp": 1757483852.7034855,
  "saved_at": 1757483852.71768
}